alpha,Mach,blumen_cr,blumen_ci,shooting_cr,shooting_ci,err_cr_abs,err_ci_abs,visible_xmin,visible_xmax,principal_peak_y_p,principal_peak_y_rho,reconstructed_peak_y_rho
0.18,1.33,0.2771044303979708,0.0508498118838383,0.2998257845646375,0.0523537181338383,0.022721354166666707,0.0015039062499999992,-177.6650487666962,177.6650487666962,0.31535488129250233,0.31535488129250233,0.31535488129250233
