alpha,Mach,N,gep_cr,gep_ci,gep_omega_i,distance_to_target,distance_to_shooting,selection_source,n_finite_modes,success,accepted,target_cr,target_ci,target_source,shooting_cr,shooting_ci,shooting_omega_i,shooting_spectral_success
0.21,1.2,481,0.25361134045375916,0.06637940471206696,0.013939674989534061,0.018066812401797052,0.018066812401797052,nearest_to_target,158,True,True,0.2445833333333333,0.05855468750000001,shooting_anchor,0.2445833333333333,0.05855468750000001,0.012296484375000001,True
0.22,1.2,481,0.25010689807228137,0.06591623951481636,0.014501572693259598,0.017260614961566854,0.02504107803518912,nearest_to_target,165,True,False,0.250791735469461,0.05729272766362009,blended_continuation,0.24958333333333324,0.05339843750000001,0.011747656250000002,True
0.22999999999999998,1.2,481,0.24591873527709895,0.06356514410471074,0.01461998314408347,0.021143938796300922,0.031630692429972906,nearest_to_target,164,True,False,0.2526570694216843,0.053544403104444915,blended_continuation,0.2537499999999999,0.04824218750000002,0.011095703125000004,True
0.24,1.2,481,0.24102165759120991,0.06142034894676673,0.014740883747224013,0.027419454890056486,0.039854181436814455,nearest_to_target,165,True,False,0.2543172872497963,0.049430220314746545,blended_continuation,0.2579166666666666,0.04337239583333333,0.010409374999999998,True
