alpha,Mach,N,gep_cr,gep_ci,gep_omega_i,distance_to_target,distance_to_shooting,overlap_to_previous,selection_source,n_finite_modes,success,accepted,target_cr,target_ci,target_source,shooting_cr,shooting_ci,shooting_omega_i,shooting_spectral_success
0.18,1.4,481,0.34597403719851433,0.044092799780898036,0.007936703960561646,0.013211737653190957,0.013211737653190957,,nearest_to_target,167,True,True,0.3329166666666667,0.043085937500000004,shooting_anchor,0.3329166666666667,0.043085937500000004,0.00775546875,True
0.195,1.4,481,0.32802870135572954,0.044212858387634314,0.008621507385588692,0.01658343283268237,0.017931348704066482,0.6238772298380955,target_then_overlap,160,True,True,0.3415005444928876,0.03937757951760274,blended_continuation,0.3395833333333333,0.03735677083333333,0.0072845703125,True
0.21,1.4,561,0.34152647881473636,0.03914537074904859,0.008220527857300205,0.007600971287023911,0.015530641296225329,0.7053322050235734,target_then_overlap,180,True,True,0.3402002770733855,0.03540318043295696,blended_continuation,0.34541666666666665,0.03162760416666667,0.0066417968750000006,True
0.22499999999999998,1.4,641,0.3514225210996988,0.035031205049391084,0.007882021136112994,0.011493794983918008,0.01911169454476903,0.6222413336320887,target_then_overlap,198,True,True,0.34774961031108753,0.02958563231846457,blended_continuation,0.35041666666666665,0.025488601562499994,0.005734935351562498,True
0.24,1.4,641,0.33586865512253783,0.034199733498475056,0.008207936039634014,0.027068586604612154,0.03508995913047733,0.6670722951233207,target_then_overlap,208,True,False,0.35421842299657624,0.02424992948356732,blended_continuation,0.35541666666666666,0.0196293828125,0.0047110518749999995,True
