alpha,Mach,N,gep_cr,gep_ci,gep_omega_i,distance_to_target,distance_to_shooting,selection_source,n_finite_modes,success,accepted,target_cr,target_ci,target_source,shooting_cr,shooting_ci,shooting_omega_i,shooting_spectral_success
0.18,1.1,301,0.1552843388418302,0.09827252630316503,0.017689054734569706,0.01123363312422437,0.01123363312422437,nearest_to_target,115,True,True,0.15874999999999995,0.09292968749999998,shooting_anchor,0.15874999999999995,0.09292968749999998,0.016727343749999995,True
0.19333333333333333,1.1,301,0.15149518461272882,0.08927877127528343,0.017260562446554797,0.011866973324127339,0.019089976331220688,nearest_to_target,108,True,True,0.1606706033050981,0.09304164078189903,blended_continuation,0.16874999999999998,0.08519531250000002,0.016471093750000006,True
0.20666666666666667,1.1,361,0.1801323098857117,0.0837887205257315,0.017316335575317844,0.018465016523592802,0.013017665309105813,nearest_to_target,122,True,True,0.1617304441009706,0.08455163776517005,blended_continuation,0.1770833333333333,0.07746093749999998,0.016008593749999994,True
0.22,1.1,401,0.1876760878937271,0.07662058747521297,0.016856529244546854,0.006537824190995225,0.014130656467633696,nearest_to_target,139,True,True,0.18191271926476033,0.0781638573154389,blended_continuation,0.1845833333333333,0.06972656249999999,0.015339843749999998,True
