alpha,Mach,N,shooting_cr,shooting_ci,gep_cr,gep_ci,gep_omega_i,distance_to_shooting,selection_source,n_finite_modes,success,accepted
0.18,1.1,181,0.15874999999999995,0.09292968749999998,0.13576728115239542,0.12089819921434504,0.021761675858582106,0.06047442397981037,nearest_to_target,77,True,False
0.18,1.1,241,0.15874999999999995,0.09292968749999998,0.14646065690881913,0.10594607417388326,0.019070293351298985,0.0287877272772433,nearest_to_target,97,True,False
0.18,1.1,301,0.15874999999999995,0.09292968749999998,0.1552843388418302,0.09827252630316503,0.017689054734569706,0.01123363312422437,nearest_to_target,115,True,True
