alpha,Mach,N,gep_cr,gep_ci,gep_omega_i,distance_to_target,selection_source,n_finite_modes,success,accepted,target_cr,target_ci,target_source,shooting_cr,shooting_ci,shooting_omega_i,shooting_spectral_success
0.18,1.1,301,0.1552843388418302,0.09827252630316503,0.017689054734569706,0.01123363312422437,nearest_to_target,115,True,True,0.15874999999999995,0.09292968749999998,shooting_anchor,0.15874999999999995,0.09292968749999998,0.016727343749999995,True
0.19333333333333333,1.1,241,0.13977091094093538,0.09860961521524791,0.019064525608281264,0.01552807009820792,nearest_to_target,91,True,True,0.1552843388418302,0.09827252630316503,gep_continuation,0.16874999999999998,0.08519531250000002,0.016471093750000006,True
0.20666666666666667,1.1,241,0.13136674039836524,0.09271978191480618,0.019162088262393278,0.0144703361307391,nearest_to_target,93,True,True,0.13977091094093538,0.09860961521524791,gep_continuation,0.1770833333333333,0.07746093749999998,0.016008593749999994,True
0.22,1.1,241,0.12276673903891563,0.08810428380620226,0.0193829424373645,0.012616311447671235,nearest_to_target,92,True,True,0.13136674039836524,0.09271978191480618,gep_continuation,0.1845833333333333,0.06972656249999999,0.015339843749999998,True
