alpha,Mach,N,shooting_cr,shooting_ci,gep_cr,gep_ci,gep_omega_i,distance_to_shooting,selection_source,n_finite_modes,success,accepted
0.22,1.1,401,0.1845833333333333,0.06972656249999999,0.1876760878937271,0.07662058747521297,0.016856529244546854,0.014130656467633696,nearest_to_target,139,True,True
