alpha,Mach,N,gep_cr,gep_ci,gep_omega_i,distance_to_target,distance_to_shooting,selection_source,n_finite_modes,success,accepted,target_cr,target_ci,target_source,shooting_cr,shooting_ci,shooting_omega_i,shooting_spectral_success
0.18,1.2,401,0.2276378635200025,0.08117402299600691,0.014611324139281245,0.01491560696814756,0.01491560696814756,nearest_to_target,148,True,True,0.22874999999999995,0.07373697916666667,shooting_anchor,0.22874999999999995,0.07373697916666667,0.01327265625,True
0.19999999999999998,1.2,481,0.23633442862127285,0.06969641302217268,0.013939282604434534,0.00959239002320477,0.01295777754784431,nearest_to_target,172,True,True,0.23241605144533484,0.07407420546427082,blended_continuation,0.23958333333333326,0.06342447916666667,0.012684895833333333,True
0.22,1.2,481,0.25010689807228137,0.06591623951481636,0.014501572693259598,0.010089549672297922,0.02504107803518912,nearest_to_target,165,True,False,0.24163399050609702,0.06317722281330361,blended_continuation,0.24958333333333324,0.05339843750000001,0.011747656250000002,True
0.24,1.2,481,0.24102165759120991,0.06142034894676673,0.014740883747224013,0.015193566264088115,0.039854181436814455,nearest_to_target,165,True,False,0.25323080551003546,0.056898702042223144,blended_continuation,0.2579166666666666,0.04337239583333333,0.010409374999999998,True
