rank_by_ci,alpha,Mach,n_points,mapping_kind,mapping_L,xi_max,target_source,target_cr,target_ci,cr,ci,omega_i,abs_cr,distance_to_target
1,0.18,1.33,2001,finite_box,12.0,1.0,user,0.299826,0.052354,0.3002736122144748,0.05264128914656776,0.009475432046382196,0.3002736122144748,0.000531875688749428
2,0.18,1.33,2001,finite_box,12.0,1.0,user,0.299826,0.052354,0.29678311525765483,0.04201976638002209,0.007563557948403976,0.29678311525765483,0.010772907317315908
