{
  "global_mae_omega": 0.0027595846968818923,
  "global_median_distance": 0.003404807281391148,
  "source_counts": {
    "primary": 193,
    "secondary_neutral": 32
  }
}