best_epoch,best_audit_ci_mae,best_audit_p_rel,best_audit_env,best_audit_phase,last_epoch,last_ci_mae,last_p_rel,last_env,last_phase
1,0.20086225923822484,11.88742033292451,11.818702031865765,0.32640816079080015,1,0.20086225923822484,11.88742033292451,11.818702031865765,0.32640816079080015
