alpha,Mach,blumen_cr,blumen_ci,shooting_cr,shooting_ci,err_cr_abs,err_ci_abs,visible_xmin,visible_xmax,principal_peak_y_p,principal_peak_y_rho,reconstructed_peak_y_rho
0.2,1.2,0.2369751923681602,0.0622226695240909,0.2397746715348269,0.0634922007740909,0.002799479166666702,0.0012695312500000042,-80.0,80.0,0.25274530047446975,0.25274530047446975,0.25274530047446975
0.2,1.25,0.2338874746306954,0.0545136985789133,0.2638581777556953,0.0553926048289133,0.029970703124999915,0.0008789062499999986,-80.0,80.0,0.2762116005645413,0.2762116005645413,0.2762116005645413
0.2,1.275,0.2311746944151748,0.050919975576394,0.2611453975401748,0.052345756826394,0.029970703124999998,0.0014257812500000008,-80.0,80.0,-0.0017849306734143116,-0.0017849306734143116,-0.0017849306734143116
0.2,1.3,0.2727688216788323,0.0467110594036997,0.2911161006651748,0.0479759651597273,0.018347278986342475,0.0012649057560276053,-80.0,80.0,0.3055956856221446,0.3055956856221446,0.3055956856221446
