alpha,Mach,N,gep_cr,gep_ci,gep_omega_i,distance_to_previous,distance_to_shooting,overlap_to_previous,overlap_to_reference,peak_y,peak_amp,centroid_y,spread_y,phase_span,blumen_ci_target,blumen_ci_abs_err,cr_floor_term,low_ci_term,score,selection_source,success,accepted,shooting_cr,shooting_ci,shooting_omega_i,shooting_spectral_success,reference_cr,reference_ci
0.2,1.3,201,0.7759311465185519,0.0176845305247577,0.00353690610495154,0.0,0.038157298707916516,1.0,1.0,-7.105263157894739,1.0,0.1485521102214623,1.8854973859276718,3.1259669930195475,0.020247231045348518,,0.0,0.0,0.0,reference_anchor,True,True,0.7616080729166668,1e-06,2e-07,True,0.7759311465185519,0.0176845305247577
0.2,1.275,201,0.7760054119247053,0.018099635815715803,0.0036199271631431607,0.0008335256210080038,0.4991641898619335,0.9994954788376648,0.9994954788376648,-7.105263157894739,,0.14725128467487275,1.9018798869895395,3.1228201855159727,0.021013010859494783,0.0029133750437789797,0.0,0.0,0.39312047034134107,beam_search,True,False,0.28134521484375,0.05155175781249999,0.010310351562499999,True,0.7759311465185519,0.0176845305247577
